Alarm ID,Machine,Alarm Code,Alarm Type,Alarm Message,Severity,Status,Axis / System,Triggered At,Duration,Acknowledged By,Resolved At
ALM-0016,FANUC-CNC-01,CL0002,COOL,COOLANT TEMPERATURE HIGH,Warning,Resolved,Coolant,2026-09-30 08:57:09,00:37:47,Andi,2026-09-30 09:34:56
ALM-0048,FANUC-CNC-02,SV0050,SV,DC LINK UNDERVOLTAGE,Critical,Resolved,Control,2026-09-30 08:24:53,00:13:52,Fajar,2026-09-30 08:38:45
ALM-0005,FANUC-CNC-03,DS0002,DS,ETHERNET COMMUNICATION ERROR,Warning,Acknowledged,Communication,2026-09-30 08:24:01,00:44:19,Andi,—
ALM-0040,FANUC-CNC-02,OT0005,OT,OVERTRAVEL: +Z,Critical,Resolved,Z,2026-09-30 07:45:20,00:31:08,Dimas,2026-09-30 08:16:28
ALM-0038,FANUC-CNC-01,LB0002,LUB,LUBRICATION PRESSURE LOW,Critical,Active,Lubrication,2026-09-30 07:26:24,02:18:36,—,—
ALM-0009,FANUC-CNC-03,DS0001,DS,DATA SERVER COMMUNICATION ERROR,Warning,Active,Communication,2026-09-30 07:13:13,02:31:47,—,—
ALM-0025,FANUC-CNC-01,PMC0050,PMC,COOLANT LEVEL LOW,Warning,Active,Coolant,2026-09-30 06:56:39,02:48:21,—,—
ALM-0015,FANUC-CNC-03,PS0103,PS,TOO MANY WORDS,Warning,Acknowledged,Program,2026-09-30 06:52:05,00:53:49,Rizky,—
ALM-0031,FANUC-CNC-05,PMC0010,PMC,PMC SIGNAL ERROR,Warning,Resolved,PMC,2026-09-30 06:44:24,00:20:19,Andi,2026-09-30 07:04:43
ALM-0042,FANUC-CNC-03,OT0002,OT,OVERTRAVEL: -X,Critical,Resolved,X,2026-09-30 06:38:13,00:27:02,Dimas,2026-09-30 07:05:15
ALM-0047,FANUC-CNC-05,MT0001,MT,TOOL MAGAZINE POSITION ERROR,Critical,Active,Tool Magazine,2026-09-30 06:11:26,03:33:34,—,—
ALM-0028,FANUC-CNC-03,DS0003,DS,HOST COMMUNICATION TIMEOUT,Critical,Resolved,Communication,2026-09-30 05:42:34,01:24:52,Fajar,2026-09-30 07:07:26
ALM-0041,FANUC-CNC-03,SP0103,SP,SPINDLE ORIENTATION ERROR,Warning,Active,Spindle,2026-09-30 05:34:39,04:10:21,—,—
ALM-0006,FANUC-CNC-01,SP0101,SP,SPINDLE ALARM,Critical,Active,Spindle,2026-09-30 05:34:01,04:10:59,—,—
ALM-0008,FANUC-CNC-02,DS0002,DS,ETHERNET COMMUNICATION ERROR,Warning,Acknowledged,Communication,2026-09-30 05:07:12,01:16:08,Rizky,—
ALM-0044,FANUC-CNC-01,MT0001,MT,TOOL MAGAZINE POSITION ERROR,Critical,Resolved,Tool Magazine,2026-09-30 04:15:10,00:14:23,Fajar,2026-09-30 04:29:33
ALM-0012,FANUC-CNC-03,MT0010,MT,TOOL LIFE EXCEEDED,Warning,Active,Tool,2026-09-30 03:54:49,05:50:11,—,—
ALM-0050,FANUC-CNC-01,OT0003,OT,OVERTRAVEL: +Y,Critical,Resolved,Y,2026-09-30 03:37:12,00:42:38,Rizky,2026-09-30 04:19:50
ALM-0017,FANUC-CNC-03,MT0001,MT,TOOL MAGAZINE POSITION ERROR,Critical,Resolved,Tool Magazine,2026-09-30 03:31:00,00:29:40,Fajar,2026-09-30 04:00:40
ALM-0024,FANUC-CNC-02,PMC0050,PMC,COOLANT LEVEL LOW,Warning,Resolved,Coolant,2026-09-30 03:30:24,00:53:59,Andi,2026-09-30 04:24:23
ALM-0018,FANUC-CNC-01,PS0103,PS,TOO MANY WORDS,Warning,Acknowledged,Program,2026-09-30 03:06:36,00:56:22,Budi,—
ALM-0034,FANUC-CNC-05,PS0121,PS,ILLEGAL PLANE AXIS,Warning,Resolved,Program,2026-09-30 02:45:34,00:59:05,Andi,2026-09-30 03:44:39
ALM-0049,FANUC-CNC-04,SV0060,SV,OVERHEAT: CONTROL UNIT,Critical,Resolved,Control,2026-09-30 02:35:48,00:08:01,Budi,2026-09-30 02:43:49
ALM-0045,FANUC-CNC-05,SP0103,SP,SPINDLE ORIENTATION ERROR,Warning,Resolved,Spindle,2026-09-30 02:25:59,00:44:00,Fajar,2026-09-30 03:09:59
ALM-0013,FANUC-CNC-03,MT0002,MT,TOOL CHANGE TIMEOUT,Critical,Resolved,Tool Changer,2026-09-30 02:16:07,00:37:42,Dimas,2026-09-30 02:53:49
ALM-0037,FANUC-CNC-04,MT0001,MT,TOOL MAGAZINE POSITION ERROR,Critical,Resolved,Tool Magazine,2026-09-30 01:45:24,00:49:47,Fajar,2026-09-30 02:35:11
ALM-0003,FANUC-CNC-03,DS0010,DS,MEMORY CARD ACCESS ERROR,Warning,Resolved,Memory,2026-09-30 01:44:02,01:20:06,Rizky,2026-09-30 03:04:08
ALM-0032,FANUC-CNC-01,MT0020,MT,TOOL NOT DETECTED,Warning,Resolved,Tool,2026-09-30 01:30:00,00:48:09,Budi,2026-09-30 02:18:09
ALM-0010,FANUC-CNC-01,SP0101,SP,SPINDLE ALARM,Critical,Resolved,Spindle,2026-09-30 01:17:18,01:13:04,Dimas,2026-09-30 02:30:22
ALM-0004,FANUC-CNC-01,PS0101,PS,ILLEGAL COMMAND,Warning,Active,Program,2026-09-30 01:13:05,08:31:55,—,—
ALM-0026,FANUC-CNC-01,DS0010,DS,MEMORY CARD ACCESS ERROR,Warning,Active,Memory,2026-09-30 01:00:46,08:44:14,—,—
ALM-0023,FANUC-CNC-03,OT0003,OT,OVERTRAVEL: +Y,Critical,Resolved,Y,2026-09-30 00:51:11,00:13:12,Rizky,2026-09-30 01:04:23
ALM-0022,FANUC-CNC-05,DS0002,DS,ETHERNET COMMUNICATION ERROR,Warning,Acknowledged,Communication,2026-09-30 00:43:48,00:15:21,Andi,—
ALM-0011,FANUC-CNC-01,SV0420,SV,Y AXIS: EXCESS ERROR,Critical,Resolved,Y,2026-09-30 00:40:40,00:26:25,Dimas,2026-09-30 01:07:05
ALM-0027,FANUC-CNC-01,DS0003,DS,HOST COMMUNICATION TIMEOUT,Critical,Active,Communication,2026-09-30 00:40:39,09:04:21,—,—
ALM-0029,FANUC-CNC-05,MT0002,MT,TOOL CHANGE TIMEOUT,Critical,Active,Tool Changer,2026-09-29 23:48:03,09:56:57,—,—
ALM-0030,FANUC-CNC-05,PMC0020,PMC,SAFETY DOOR OPEN,Critical,Resolved,Safety,2026-09-29 23:16:21,00:03:38,Rizky,2026-09-29 23:19:59
ALM-0001,FANUC-CNC-04,PMC0030,PMC,EMERGENCY STOP ACTIVE,Critical,Active,Safety,2026-09-29 22:57:14,10:47:46,—,—
ALM-0039,FANUC-CNC-04,PMC0060,PMC,COOLANT PUMP FAILURE,Critical,Resolved,Coolant,2026-09-29 22:23:20,01:24:43,Dimas,2026-09-29 23:48:03
ALM-0019,FANUC-CNC-03,SV0440,SV,X AXIS: SERVO ALARM,Critical,Resolved,X,2026-09-29 22:20:13,01:19:34,Andi,2026-09-29 23:39:47
ALM-0035,FANUC-CNC-03,PMC0060,PMC,COOLANT PUMP FAILURE,Critical,Resolved,Coolant,2026-09-29 22:04:02,00:53:04,Budi,2026-09-29 22:57:06
ALM-0020,FANUC-CNC-03,DS0020,DS,CNC DATA BACKUP ERROR,Warning,Acknowledged,Memory,2026-09-29 21:38:07,00:03:29,Andi,—
ALM-0002,FANUC-CNC-05,MT0003,MT,TOOL NUMBER MISMATCH,Warning,Resolved,Tool Changer,2026-09-29 21:33:14,00:03:21,Andi,2026-09-29 21:36:35
ALM-0036,FANUC-CNC-05,SV0060,SV,OVERHEAT: CONTROL UNIT,Critical,Resolved,Control,2026-09-29 20:35:51,01:05:26,Andi,2026-09-29 21:41:17
ALM-0046,FANUC-CNC-04,MT0001,MT,TOOL MAGAZINE POSITION ERROR,Critical,Resolved,Tool Magazine,2026-09-29 20:35:28,01:11:48,Andi,2026-09-29 21:47:16
ALM-0007,FANUC-CNC-05,PMC0020,PMC,SAFETY DOOR OPEN,Critical,Active,Safety,2026-09-29 20:08:26,13:36:34,—,—
ALM-0043,FANUC-CNC-04,OT0004,OT,OVERTRAVEL: -Y,Critical,Resolved,Y,2026-09-29 20:06:23,00:29:27,Fajar,2026-09-29 20:35:50
ALM-0021,FANUC-CNC-01,SV0420,SV,Y AXIS: EXCESS ERROR,Critical,Resolved,Y,2026-09-29 19:56:30,00:23:36,Dimas,2026-09-29 20:20:06
ALM-0033,FANUC-CNC-05,SP0101,SP,SPINDLE ALARM,Critical,Resolved,Spindle,2026-09-29 18:54:32,00:27:49,Fajar,2026-09-29 19:22:21
ALM-0014,FANUC-CNC-01,PMC0040,PMC,HYDRAULIC PRESSURE LOW,Warning,Resolved,Hydraulic,2026-09-29 18:45:25,00:35:59,Andi,2026-09-29 19:21:24
